what,kind,bundleId,bundleVersion,description,time
activated,editor,org.eclipse.jdt.ui,3.7.2.v20120109-1427,"org.eclipse.jdt.ui.CompilationUnitEditor",1729673131479
activated,editor,org.eclipse.jdt.ui,3.7.2.v20120109-1427,"org.eclipse.jdt.ui.CompilationUnitEditor",1729673134184
executed,command,org.eclipse.ui,3.7.0.v20110928-1505,"org.eclipse.ui.edit.copy",1729673137376
activated,editor,org.eclipse.jdt.ui,3.7.2.v20120109-1427,"org.eclipse.jdt.ui.CompilationUnitEditor",1729673138293
executed,command,org.eclipse.ui,3.7.0.v20110928-1505,"org.eclipse.ui.edit.paste",1729673140819
activated,editor,org.eclipse.jdt.ui,3.7.2.v20120109-1427,"org.eclipse.jdt.ui.CompilationUnitEditor",1729673142354
activated,editor,org.eclipse.jdt.ui,3.7.2.v20120109-1427,"org.eclipse.jdt.ui.CompilationUnitEditor",1729673152496
activated,editor,org.eclipse.jdt.ui,3.7.2.v20120109-1427,"org.eclipse.jdt.ui.CompilationUnitEditor",1729673162938
executed,command,org.eclipse.ui,3.7.0.v20110928-1505,"org.eclipse.ui.edit.copy",1729673168328
activated,editor,org.eclipse.jdt.ui,3.7.2.v20120109-1427,"org.eclipse.jdt.ui.CompilationUnitEditor",1729673170031
executed,command,org.eclipse.ui,3.7.0.v20110928-1505,"org.eclipse.ui.edit.paste",1729673175756
activated,editor,org.eclipse.jdt.ui,3.7.2.v20120109-1427,"org.eclipse.jdt.ui.CompilationUnitEditor",1729673184174
activated,editor,org.eclipse.jdt.ui,3.7.2.v20120109-1427,"org.eclipse.jdt.ui.CompilationUnitEditor",1729673188875
activated,editor,org.eclipse.jdt.ui,3.7.2.v20120109-1427,"org.eclipse.jdt.ui.CompilationUnitEditor",1729673193403
executed,command,org.eclipse.ui,3.7.0.v20110928-1505,"org.eclipse.ui.edit.copy",1729673198592
activated,editor,org.eclipse.jdt.ui,3.7.2.v20120109-1427,"org.eclipse.jdt.ui.CompilationUnitEditor",1729673199892
executed,command,org.eclipse.ui,3.7.0.v20110928-1505,"org.eclipse.ui.edit.paste",1729673204189
executed,command,org.eclipse.ui,3.7.0.v20110928-1505,"org.eclipse.ui.file.saveAll",1729673211427
closed,editor,org.eclipse.jdt.ui,3.7.2.v20120109-1427,"org.eclipse.jdt.ui.CompilationUnitEditor",1729673216397
activated,editor,org.eclipse.jdt.ui,3.7.2.v20120109-1427,"org.eclipse.jdt.ui.CompilationUnitEditor",1729673217174
closed,editor,org.eclipse.jdt.ui,3.7.2.v20120109-1427,"org.eclipse.jdt.ui.CompilationUnitEditor",1729673217174
activated,view,org.eclipse.jdt.ui,3.7.2.v20120109-1427,"org.eclipse.jdt.ui.PackageExplorer",1729673222682
opened,editor,org.eclipse.jdt.ui,3.7.2.v20120109-1427,"org.eclipse.jdt.ui.CompilationUnitEditor",1729673222942
activated,editor,org.eclipse.jdt.ui,3.7.2.v20120109-1427,"org.eclipse.jdt.ui.CompilationUnitEditor",1729673223017
activated,view,org.eclipse.jdt.ui,3.7.2.v20120109-1427,"org.eclipse.jdt.ui.PackageExplorer",1729673226834
opened,editor,org.eclipse.jdt.ui,3.7.2.v20120109-1427,"org.eclipse.jdt.ui.CompilationUnitEditor",1729673227117
activated,editor,org.eclipse.jdt.ui,3.7.2.v20120109-1427,"org.eclipse.jdt.ui.CompilationUnitEditor",1729673227206
executed,command,org.eclipse.ui,3.7.0.v20110928-1505,"org.eclipse.ui.edit.copy",1729673233026
activated,editor,org.eclipse.jdt.ui,3.7.2.v20120109-1427,"org.eclipse.jdt.ui.CompilationUnitEditor",1729673234766
executed,command,org.eclipse.ui,3.7.0.v20110928-1505,"org.eclipse.ui.edit.paste",1729673237542
activated,editor,org.eclipse.jdt.ui,3.7.2.v20120109-1427,"org.eclipse.jdt.ui.CompilationUnitEditor",1729673241028
error,log,,,"Internal Error",1729673245084
executed,command,org.eclipse.ui,3.7.0.v20110928-1505,"org.eclipse.ui.edit.copy",1729673257411
activated,editor,org.eclipse.jdt.ui,3.7.2.v20120109-1427,"org.eclipse.jdt.ui.CompilationUnitEditor",1729673259591
executed,command,org.eclipse.ui,3.7.0.v20110928-1505,"org.eclipse.ui.edit.paste",1729673271738
executed,command,org.eclipse.ui,3.7.0.v20110928-1505,"org.eclipse.ui.edit.copy",1729673277398
executed,command,org.eclipse.ui,3.7.0.v20110928-1505,"org.eclipse.ui.edit.paste",1729673279462
executed,command,org.eclipse.ui,3.7.0.v20110928-1505,"org.eclipse.ui.file.saveAll",1729673289227
activated,editor,org.eclipse.jdt.ui,3.7.2.v20120109-1427,"org.eclipse.jdt.ui.CompilationUnitEditor",1729673297269
activated,editor,org.eclipse.jdt.ui,3.7.2.v20120109-1427,"org.eclipse.jdt.ui.CompilationUnitEditor",1729673300257
activated,editor,org.eclipse.jdt.ui,3.7.2.v20120109-1427,"org.eclipse.jdt.ui.CompilationUnitEditor",1729673318214
executed,command,org.eclipse.ui,3.7.0.v20110928-1505,"org.eclipse.ui.edit.copy",1729673323722
activated,editor,org.eclipse.jdt.ui,3.7.2.v20120109-1427,"org.eclipse.jdt.ui.CompilationUnitEditor",1729673325246
executed,command,org.eclipse.ui,3.7.0.v20110928-1505,"org.eclipse.ui.edit.paste",1729673328415
activated,editor,org.eclipse.jdt.ui,3.7.2.v20120109-1427,"org.eclipse.jdt.ui.CompilationUnitEditor",1729673344906
executed,command,org.eclipse.ui,3.7.0.v20110928-1505,"org.eclipse.ui.edit.copy",1729673354466
activated,editor,org.eclipse.jdt.ui,3.7.2.v20120109-1427,"org.eclipse.jdt.ui.CompilationUnitEditor",1729673355734
executed,command,org.eclipse.ui,3.7.0.v20110928-1505,"org.eclipse.ui.edit.paste",1729673360037
executed,command,org.eclipse.ui,3.7.0.v20110928-1505,"org.eclipse.ui.edit.text.contentAssist.proposals",1729673381396
activated,editor,org.eclipse.jdt.ui,3.7.2.v20120109-1427,"org.eclipse.jdt.ui.CompilationUnitEditor",1729673385736
executed,command,org.eclipse.ui,3.7.0.v20110928-1505,"org.eclipse.ui.edit.copy",1729673391630
activated,editor,org.eclipse.jdt.ui,3.7.2.v20120109-1427,"org.eclipse.jdt.ui.CompilationUnitEditor",1729673393210
executed,command,org.eclipse.ui,3.7.0.v20110928-1505,"org.eclipse.ui.edit.paste",1729673394864
executed,command,org.eclipse.ui,3.7.0.v20110928-1505,"org.eclipse.ui.edit.cut",1729673409203
executed,command,org.eclipse.ui,3.7.0.v20110928-1505,"org.eclipse.ui.edit.paste",1729673412423
executed,command,org.eclipse.ui,3.7.0.v20110928-1505,"org.eclipse.ui.edit.copy",1729673418347
executed,command,org.eclipse.ui,3.7.0.v20110928-1505,"org.eclipse.ui.edit.paste",1729673419688
activated,editor,org.eclipse.jdt.ui,3.7.2.v20120109-1427,"org.eclipse.jdt.ui.CompilationUnitEditor",1729673427084
activated,editor,org.eclipse.jdt.ui,3.7.2.v20120109-1427,"org.eclipse.jdt.ui.CompilationUnitEditor",1729673431295
executed,command,org.eclipse.ui,3.7.0.v20110928-1505,"org.eclipse.ui.file.saveAll",1729673444113
closed,editor,org.eclipse.jdt.ui,3.7.2.v20120109-1427,"org.eclipse.jdt.ui.CompilationUnitEditor",1729673445780
activated,editor,org.eclipse.jdt.ui,3.7.2.v20120109-1427,"org.eclipse.jdt.ui.CompilationUnitEditor",1729673448262
closed,editor,org.eclipse.jdt.ui,3.7.2.v20120109-1427,"org.eclipse.jdt.ui.CompilationUnitEditor",1729673448262
activated,view,org.eclipse.jdt.ui,3.7.2.v20120109-1427,"org.eclipse.jdt.ui.PackageExplorer",1729673469001
opened,editor,org.eclipse.jdt.ui,3.7.2.v20120109-1427,"org.eclipse.jdt.ui.CompilationUnitEditor",1729673469284
activated,editor,org.eclipse.jdt.ui,3.7.2.v20120109-1427,"org.eclipse.jdt.ui.CompilationUnitEditor",1729673469364
executed,command,org.eclipse.jdt.ui,3.7.2.v20120109-1427,"org.eclipse.jdt.ui.edit.text.java.rename.element",1729673478532
started,bundle,org.eclipse.jst.jsp.ui,1.1.602.v201112071516,"org.eclipse.jst.jsp.ui",1729673486640
started,bundle,org.eclipse.pde.core,3.7.1.v20120103_r372,"org.eclipse.pde.core",1729673486679
started,bundle,org.eclipse.ant.ui,3.5.101.v20120110-1739,"org.eclipse.ant.ui",1729673486688
started,bundle,org.eclipse.wst.jsdt.debug.rhino.ui,1.0.1.v201201112313,"org.eclipse.wst.jsdt.debug.rhino.ui",1729673486692
started,bundle,org.eclipse.wst.sse.core,1.1.602.v201112071516,"org.eclipse.wst.sse.core",1729673486734
started,bundle,org.eclipse.jst.jsp.core,1.2.402.v201112071853,"org.eclipse.jst.jsp.core",1729673486754
activated,editor,org.eclipse.jdt.ui,3.7.2.v20120109-1427,"org.eclipse.jdt.ui.CompilationUnitEditor",1729673490641
executed,command,org.eclipse.ui,3.7.0.v20110928-1505,"org.eclipse.ui.edit.undo",1729673516462
activated,editor,org.eclipse.jdt.ui,3.7.2.v20120109-1427,"org.eclipse.jdt.ui.CompilationUnitEditor",1729673527501
closed,editor,org.eclipse.jdt.ui,3.7.2.v20120109-1427,"org.eclipse.jdt.ui.CompilationUnitEditor",1729673527502
activated,view,org.eclipse.jdt.ui,3.7.2.v20120109-1427,"org.eclipse.jdt.ui.PackageExplorer",1729673530386
closed,editor,org.eclipse.jdt.ui,3.7.2.v20120109-1427,"org.eclipse.jdt.ui.CompilationUnitEditor",1729673530386
opened,editor,org.eclipse.jdt.ui,3.7.2.v20120109-1427,"org.eclipse.jdt.ui.CompilationUnitEditor",1729673532840
activated,editor,org.eclipse.jdt.ui,3.7.2.v20120109-1427,"org.eclipse.jdt.ui.CompilationUnitEditor",1729673532900
activated,view,org.eclipse.jdt.ui,3.7.2.v20120109-1427,"org.eclipse.jdt.ui.PackageExplorer",1729673541968
opened,editor,org.eclipse.jdt.ui,3.7.2.v20120109-1427,"org.eclipse.jdt.ui.CompilationUnitEditor",1729673542261
activated,editor,org.eclipse.jdt.ui,3.7.2.v20120109-1427,"org.eclipse.jdt.ui.CompilationUnitEditor",1729673542364
activated,view,org.eclipse.jdt.ui,3.7.2.v20120109-1427,"org.eclipse.jdt.ui.PackageExplorer",1729673547657
deactivated,workbench,org.eclipse.ui.workbench,3.7.1.v20120104-1859,"",1729673555229
activated,workbench,org.eclipse.ui.workbench,3.7.1.v20120104-1859,"",1729673583124
executed,command,org.eclipse.jdt.ui,3.7.2.v20120109-1427,"org.eclipse.jdt.ui.edit.text.java.rename.element",1729673583134
opened,editor,org.eclipse.jdt.ui,3.7.2.v20120109-1427,"org.eclipse.jdt.ui.CompilationUnitEditor",1729673594223
activated,editor,org.eclipse.jdt.ui,3.7.2.v20120109-1427,"org.eclipse.jdt.ui.CompilationUnitEditor",1729673594292
activated,view,org.eclipse.jdt.ui,3.7.2.v20120109-1427,"org.eclipse.jdt.ui.PackageExplorer",1729673605528
executed,command,org.eclipse.ui,3.7.0.v20110928-1505,"org.eclipse.ui.edit.copy",1729673611970
executed,command,org.eclipse.ui,3.7.0.v20110928-1505,"org.eclipse.ui.edit.paste",1729673615921
activated,editor,org.eclipse.jdt.ui,3.7.2.v20120109-1427,"org.eclipse.jdt.ui.CompilationUnitEditor",1729673620251
activated,view,org.eclipse.jdt.ui,3.7.2.v20120109-1427,"org.eclipse.jdt.ui.PackageExplorer",1729673625114
deactivated,workbench,org.eclipse.ui.workbench,3.7.1.v20120104-1859,"",1729673629360
activated,workbench,org.eclipse.ui.workbench,3.7.1.v20120104-1859,"",1729673636954
executed,command,org.eclipse.jdt.ui,3.7.2.v20120109-1427,"org.eclipse.jdt.ui.edit.text.java.rename.element",1729673636966
activated,editor,org.eclipse.jdt.ui,3.7.2.v20120109-1427,"org.eclipse.jdt.ui.CompilationUnitEditor",1729673641614
activated,view,org.eclipse.jdt.ui,3.7.2.v20120109-1427,"org.eclipse.jdt.ui.PackageExplorer",1729673652104
activated,editor,org.eclipse.jdt.ui,3.7.2.v20120109-1427,"org.eclipse.jdt.ui.CompilationUnitEditor",1729673653487
executed,command,org.eclipse.ui,3.7.0.v20110928-1505,"org.eclipse.ui.edit.copy",1729673658345
executed,command,org.eclipse.ui,3.7.0.v20110928-1505,"org.eclipse.ui.edit.paste",1729673661765
activated,view,org.eclipse.jdt.ui,3.7.2.v20120109-1427,"org.eclipse.jdt.ui.PackageExplorer",1729673687008
activated,editor,org.eclipse.jdt.ui,3.7.2.v20120109-1427,"org.eclipse.jdt.ui.CompilationUnitEditor",1729673689510
activated,view,org.eclipse.jdt.ui,3.7.2.v20120109-1427,"org.eclipse.jdt.ui.PackageExplorer",1729673691610
executed,command,org.eclipse.ui,3.7.0.v20110928-1505,"org.eclipse.ui.edit.undo",1729673731878
deactivated,workbench,org.eclipse.ui.workbench,3.7.1.v20120104-1859,"",1729673738892
activated,workbench,org.eclipse.ui.workbench,3.7.1.v20120104-1859,"",1729673776125
executed,command,org.eclipse.jdt.ui,3.7.2.v20120109-1427,"org.eclipse.jdt.ui.edit.text.java.move.element",1729673776134
started,bundle,org.eclipse.equinox.p2.garbagecollector,1.0.200.v20110815-1419,"org.eclipse.equinox.p2.garbagecollector",1729673776170
deactivated,workbench,org.eclipse.ui.workbench,3.7.1.v20120104-1859,"",1729673785373
activated,workbench,org.eclipse.ui.workbench,3.7.1.v20120104-1859,"",1729673791861
executed,command,org.eclipse.jdt.ui,3.7.2.v20120109-1427,"org.eclipse.jdt.ui.edit.text.java.rename.element",1729673791871
opened,editor,org.eclipse.jdt.ui,3.7.2.v20120109-1427,"org.eclipse.jdt.ui.CompilationUnitEditor",1729673794062
activated,editor,org.eclipse.jdt.ui,3.7.2.v20120109-1427,"org.eclipse.jdt.ui.CompilationUnitEditor",1729673794131
activated,view,org.eclipse.jdt.ui,3.7.2.v20120109-1427,"org.eclipse.jdt.ui.PackageExplorer",1729673798753
deactivated,workbench,org.eclipse.ui.workbench,3.7.1.v20120104-1859,"",1729673804632
activated,workbench,org.eclipse.ui.workbench,3.7.1.v20120104-1859,"",1729673812219
executed,command,org.eclipse.jdt.ui,3.7.2.v20120109-1427,"org.eclipse.jdt.ui.edit.text.java.rename.element",1729673812232
deactivated,workbench,org.eclipse.ui.workbench,3.7.1.v20120104-1859,"",1729673821114
activated,workbench,org.eclipse.ui.workbench,3.7.1.v20120104-1859,"",1729673828166
executed,command,org.eclipse.jdt.ui,3.7.2.v20120109-1427,"org.eclipse.jdt.ui.edit.text.java.rename.element",1729673828177
deactivated,workbench,org.eclipse.ui.workbench,3.7.1.v20120104-1859,"",1729673838885
activated,workbench,org.eclipse.ui.workbench,3.7.1.v20120104-1859,"",1729673843128
executed,command,org.eclipse.jdt.ui,3.7.2.v20120109-1427,"org.eclipse.jdt.ui.edit.text.java.rename.element",1729673843140
executed,command,org.eclipse.ui,3.7.0.v20110928-1505,"org.eclipse.ui.file.saveAll",1729673851113
activated,editor,org.eclipse.jdt.ui,3.7.2.v20120109-1427,"org.eclipse.jdt.ui.CompilationUnitEditor",1729673851863
activated,view,org.eclipse.jdt.ui,3.7.2.v20120109-1427,"org.eclipse.jdt.ui.PackageExplorer",1729673862052
deactivated,workbench,org.eclipse.ui.workbench,3.7.1.v20120104-1859,"",1729673865273
activated,workbench,org.eclipse.ui.workbench,3.7.1.v20120104-1859,"",1729673866502
executed,command,org.eclipse.ui,3.7.0.v20110928-1505,"org.eclipse.ui.edit.delete",1729673866510
deactivated,workbench,org.eclipse.ui.workbench,3.7.1.v20120104-1859,"",1729673876243
closed,editor,org.eclipse.jdt.ui,3.7.2.v20120109-1427,"org.eclipse.jdt.ui.CompilationUnitEditor",1729673877667
activated,workbench,org.eclipse.ui.workbench,3.7.1.v20120104-1859,"",1729673877694
executed,command,org.eclipse.ui,3.7.0.v20110928-1505,"org.eclipse.ui.edit.delete",1729673877727
deactivated,workbench,org.eclipse.ui.workbench,3.7.1.v20120104-1859,"",1729673883873
activated,workbench,org.eclipse.ui.workbench,3.7.1.v20120104-1859,"",1729673894302
executed,command,org.eclipse.ui,3.7.0.v20110928-1505,"org.eclipse.ui.file.export",1729673894315
executed,command,org.eclipse.ui,3.7.0.v20110928-1505,"org.eclipse.ui.file.export",1729673894315
opened,editor,org.eclipse.jdt.ui,3.7.2.v20120109-1427,"org.eclipse.jdt.ui.CompilationUnitEditor",1729673899503
activated,editor,org.eclipse.jdt.ui,3.7.2.v20120109-1427,"org.eclipse.jdt.ui.CompilationUnitEditor",1729673899578
activated,view,org.eclipse.jdt.ui,3.7.2.v20120109-1427,"org.eclipse.jdt.ui.PackageExplorer",1729673902088
deactivated,workbench,org.eclipse.ui.workbench,3.7.1.v20120104-1859,"",1729673904156
activated,workbench,org.eclipse.ui.workbench,3.7.1.v20120104-1859,"",1729673915666
executed,command,org.eclipse.ui,3.7.0.v20110928-1505,"org.eclipse.ui.file.export",1729673915682
executed,command,org.eclipse.ui,3.7.0.v20110928-1505,"org.eclipse.ui.file.export",1729673915682
deactivated,workbench,org.eclipse.ui.workbench,3.7.1.v20120104-1859,"",1729673916735
activated,workbench,org.eclipse.ui.workbench,3.7.1.v20120104-1859,"",1729673926651
deactivated,workbench,org.eclipse.ui.workbench,3.7.1.v20120104-1859,"",1729673938466
activated,workbench,org.eclipse.ui.workbench,3.7.1.v20120104-1859,"",1729674067884
deactivated,workbench,org.eclipse.ui.workbench,3.7.1.v20120104-1859,"",1729674096179
activated,workbench,org.eclipse.ui.workbench,3.7.1.v20120104-1859,"",1729674307118
opened,editor,org.eclipse.jdt.ui,3.7.2.v20120109-1427,"org.eclipse.jdt.ui.CompilationUnitEditor",1729674323018
activated,editor,org.eclipse.jdt.ui,3.7.2.v20120109-1427,"org.eclipse.jdt.ui.CompilationUnitEditor",1729674323111
closed,editor,org.eclipse.jdt.ui,3.7.2.v20120109-1427,"org.eclipse.jdt.ui.CompilationUnitEditor",1729674325800
closed,editor,org.eclipse.jdt.ui,3.7.2.v20120109-1427,"org.eclipse.jdt.ui.CompilationUnitEditor",1729674326719
activated,editor,org.eclipse.jdt.ui,3.7.2.v20120109-1427,"org.eclipse.jdt.ui.CompilationUnitEditor",1729674327504
activated,editor,org.eclipse.jdt.ui,3.7.2.v20120109-1427,"org.eclipse.jdt.ui.CompilationUnitEditor",1729674328139
closed,editor,org.eclipse.jdt.ui,3.7.2.v20120109-1427,"org.eclipse.jdt.ui.CompilationUnitEditor",1729674328139
closed,editor,org.eclipse.jdt.ui,3.7.2.v20120109-1427,"org.eclipse.jdt.ui.CompilationUnitEditor",1729674329981
activated,view,org.eclipse.jdt.ui,3.7.2.v20120109-1427,"org.eclipse.jdt.ui.PackageExplorer",1729674340240
opened,editor,org.eclipse.jdt.ui,3.7.2.v20120109-1427,"org.eclipse.jdt.ui.CompilationUnitEditor",1729674344108
activated,editor,org.eclipse.jdt.ui,3.7.2.v20120109-1427,"org.eclipse.jdt.ui.CompilationUnitEditor",1729674344176
executed,command,org.eclipse.ui,3.7.0.v20110928-1505,"org.eclipse.ui.edit.copy",1729674352654
activated,editor,org.eclipse.jdt.ui,3.7.2.v20120109-1427,"org.eclipse.jdt.ui.CompilationUnitEditor",1729674354494
executed,command,org.eclipse.ui,3.7.0.v20110928-1505,"org.eclipse.ui.edit.paste",1729674358706
executed,command,org.eclipse.jdt.ui,3.7.2.v20120109-1427,"org.eclipse.jdt.ui.edit.text.java.toggle.comment",1729674365793
activated,view,org.eclipse.jdt.ui,3.7.2.v20120109-1427,"org.eclipse.jdt.ui.PackageExplorer",1729674397073
deactivated,workbench,org.eclipse.ui.workbench,3.7.1.v20120104-1859,"",1729674409345
activated,workbench,org.eclipse.ui.workbench,3.7.1.v20120104-1859,"",1729674414780
executed,command,org.eclipse.jdt.ui,3.7.2.v20120109-1427,"org.eclipse.jdt.ui.edit.text.java.rename.element",1729674414792
deactivated,workbench,org.eclipse.ui.workbench,3.7.1.v20120104-1859,"",1729674424323
activated,workbench,org.eclipse.ui.workbench,3.7.1.v20120104-1859,"",1729674439221
executed,command,org.eclipse.jdt.ui,3.7.2.v20120109-1427,"org.eclipse.jdt.ui.edit.text.java.rename.element",1729674439233
executed,command,org.eclipse.ui,3.7.0.v20110928-1505,"org.eclipse.ui.edit.copy",1729674479227
executed,command,org.eclipse.ui,3.7.0.v20110928-1505,"org.eclipse.ui.edit.paste",1729674483729
opened,editor,org.eclipse.jdt.ui,3.7.2.v20120109-1427,"org.eclipse.jdt.ui.CompilationUnitEditor",1729674485128
activated,editor,org.eclipse.jdt.ui,3.7.2.v20120109-1427,"org.eclipse.jdt.ui.CompilationUnitEditor",1729674485236
activated,view,org.eclipse.jdt.ui,3.7.2.v20120109-1427,"org.eclipse.jdt.ui.PackageExplorer",1729674509288
deactivated,workbench,org.eclipse.ui.workbench,3.7.1.v20120104-1859,"",1729674512271
activated,workbench,org.eclipse.ui.workbench,3.7.1.v20120104-1859,"",1729674513399
executed,command,org.eclipse.ui,3.7.0.v20110928-1505,"org.eclipse.ui.edit.delete",1729674513446
executed,command,org.eclipse.ui,3.7.0.v20110928-1505,"org.eclipse.ui.edit.copy",1729674519966
executed,command,org.eclipse.ui,3.7.0.v20110928-1505,"org.eclipse.ui.edit.paste",1729674523293
activated,editor,org.eclipse.jdt.ui,3.7.2.v20120109-1427,"org.eclipse.jdt.ui.CompilationUnitEditor",1729674525983
activated,view,org.eclipse.jdt.ui,3.7.2.v20120109-1427,"org.eclipse.jdt.ui.PackageExplorer",1729674556975
deactivated,workbench,org.eclipse.ui.workbench,3.7.1.v20120104-1859,"",1729674578467
activated,workbench,org.eclipse.ui.workbench,3.7.1.v20120104-1859,"",1729674590157
opened,editor,org.eclipse.jdt.ui,3.7.2.v20120109-1427,"org.eclipse.jdt.ui.CompilationUnitEditor",1729674631033
activated,editor,org.eclipse.jdt.ui,3.7.2.v20120109-1427,"org.eclipse.jdt.ui.CompilationUnitEditor",1729674631124
activated,view,org.eclipse.jdt.ui,3.7.2.v20120109-1427,"org.eclipse.jdt.ui.PackageExplorer",1729674636599
deactivated,workbench,org.eclipse.ui.workbench,3.7.1.v20120104-1859,"",1729674641669
activated,workbench,org.eclipse.ui.workbench,3.7.1.v20120104-1859,"",1729674650511
executed,command,org.eclipse.jdt.ui,3.7.2.v20120109-1427,"org.eclipse.jdt.ui.edit.text.java.rename.element",1729674650520
activated,editor,org.eclipse.jdt.ui,3.7.2.v20120109-1427,"org.eclipse.jdt.ui.CompilationUnitEditor",1729674653622
activated,editor,org.eclipse.jdt.ui,3.7.2.v20120109-1427,"org.eclipse.jdt.ui.CompilationUnitEditor",1729674654381
activated,view,org.eclipse.jdt.ui,3.7.2.v20120109-1427,"org.eclipse.jdt.ui.PackageExplorer",1729674674634
executed,command,org.eclipse.ui,3.7.0.v20110928-1505,"org.eclipse.ui.edit.copy",1729674677402
executed,command,org.eclipse.ui,3.7.0.v20110928-1505,"org.eclipse.ui.edit.paste",1729674681053
activated,editor,org.eclipse.jdt.ui,3.7.2.v20120109-1427,"org.eclipse.jdt.ui.CompilationUnitEditor",1729674684785
activated,editor,org.eclipse.jdt.ui,3.7.2.v20120109-1427,"org.eclipse.jdt.ui.CompilationUnitEditor",1729674701553
executed,command,org.eclipse.ui,3.7.0.v20110928-1505,"org.eclipse.ui.edit.copy",1729674730195
executed,command,org.eclipse.ui,3.7.0.v20110928-1505,"org.eclipse.ui.edit.paste",1729674744350
executed,command,org.eclipse.ui,3.7.0.v20110928-1505,"org.eclipse.ui.edit.text.contentAssist.proposals",1729674814120
error,log,,,"Internal Error",1729674814555
error,log,,,"Internal Error",1729674816222
activated,editor,org.eclipse.jdt.ui,3.7.2.v20120109-1427,"org.eclipse.jdt.ui.CompilationUnitEditor",1729674819442
executed,command,org.eclipse.ui,3.7.0.v20110928-1505,"org.eclipse.ui.edit.copy",1729674825205
activated,editor,org.eclipse.jdt.ui,3.7.2.v20120109-1427,"org.eclipse.jdt.ui.CompilationUnitEditor",1729674826414
executed,command,org.eclipse.ui,3.7.0.v20110928-1505,"org.eclipse.ui.edit.paste",1729674832856
executed,command,org.eclipse.ui,3.7.0.v20110928-1505,"org.eclipse.ui.file.saveAll",1729674865416
activated,editor,org.eclipse.jdt.ui,3.7.2.v20120109-1427,"org.eclipse.jdt.ui.CompilationUnitEditor",1729674866896
executed,command,org.eclipse.ui,3.7.0.v20110928-1505,"org.eclipse.ui.edit.copy",1729674913330
error,log,,,"Internal Error",1729674919114
executed,command,org.eclipse.ui,3.7.0.v20110928-1505,"org.eclipse.ui.edit.paste",1729674931353
executed,command,org.eclipse.ui,3.7.0.v20110928-1505,"org.eclipse.ui.edit.text.contentAssist.proposals",1729674936387
deactivated,workbench,org.eclipse.ui.workbench,3.7.1.v20120104-1859,"",1729674949802
activated,workbench,org.eclipse.ui.workbench,3.7.1.v20120104-1859,"",1729674969168
executed,command,org.eclipse.ui,3.7.0.v20110928-1505,"org.eclipse.ui.file.saveAll",1729674976388
activated,editor,org.eclipse.jdt.ui,3.7.2.v20120109-1427,"org.eclipse.jdt.ui.CompilationUnitEditor",1729674988462
deactivated,workbench,org.eclipse.ui.workbench,3.7.1.v20120104-1859,"",1729675007871
activated,workbench,org.eclipse.ui.workbench,3.7.1.v20120104-1859,"",1729675047652
executed,command,org.eclipse.ui,3.7.0.v20110928-1505,"org.eclipse.ui.edit.copy",1729675067580
deactivated,workbench,org.eclipse.ui.workbench,3.7.1.v20120104-1859,"",1729675071349
activated,workbench,org.eclipse.ui.workbench,3.7.1.v20120104-1859,"",1729675166177
deactivated,workbench,org.eclipse.ui.workbench,3.7.1.v20120104-1859,"",1729675171246
activated,workbench,org.eclipse.ui.workbench,3.7.1.v20120104-1859,"",1729675178129
executed,command,org.eclipse.ui,3.7.0.v20110928-1505,"org.eclipse.ui.file.saveAll",1729675191508
activated,editor,org.eclipse.jdt.ui,3.7.2.v20120109-1427,"org.eclipse.jdt.ui.CompilationUnitEditor",1729675193532
activated,editor,org.eclipse.jdt.ui,3.7.2.v20120109-1427,"org.eclipse.jdt.ui.CompilationUnitEditor",1729675195407
closed,editor,org.eclipse.jdt.ui,3.7.2.v20120109-1427,"org.eclipse.jdt.ui.CompilationUnitEditor",1729675195407
activated,view,org.eclipse.jdt.ui,3.7.2.v20120109-1427,"org.eclipse.jdt.ui.PackageExplorer",1729675207982
deactivated,workbench,org.eclipse.ui.workbench,3.7.1.v20120104-1859,"",1729675241857
activated,workbench,org.eclipse.ui.workbench,3.7.1.v20120104-1859,"",1729675281280
executed,command,org.eclipse.ui,3.7.0.v20110928-1505,"org.eclipse.ui.file.export",1729675281298
executed,command,org.eclipse.ui,3.7.0.v20110928-1505,"org.eclipse.ui.file.export",1729675281298
opened,editor,org.eclipse.jdt.ui,3.7.2.v20120109-1427,"org.eclipse.jdt.ui.CompilationUnitEditor",1729675287850
activated,editor,org.eclipse.jdt.ui,3.7.2.v20120109-1427,"org.eclipse.jdt.ui.CompilationUnitEditor",1729675287932
executed,command,org.eclipse.ui,3.7.0.v20110928-1505,"org.eclipse.ui.edit.copy",1729675300642
executed,command,org.eclipse.ui,3.7.0.v20110928-1505,"org.eclipse.ui.edit.paste",1729675302653
executed,command,org.eclipse.ui,3.7.0.v20110928-1505,"org.eclipse.ui.file.saveAll",1729675322484
deactivated,workbench,org.eclipse.ui.workbench,3.7.1.v20120104-1859,"",1729675324831
activated,workbench,org.eclipse.ui.workbench,3.7.1.v20120104-1859,"",1729675331782
activated,view,org.eclipse.ui.console,3.5.100.v20111007_r372,"org.eclipse.ui.console.ConsoleView",1729675334598
deactivated,workbench,org.eclipse.ui.workbench,3.7.1.v20120104-1859,"",1729675336697
activated,workbench,org.eclipse.ui.workbench,3.7.1.v20120104-1859,"",1729677560017
activated,editor,org.eclipse.jdt.ui,3.7.2.v20120109-1427,"org.eclipse.jdt.ui.CompilationUnitEditor",1729677561759
deactivated,workbench,org.eclipse.ui.workbench,3.7.1.v20120104-1859,"",1729677618843
activated,workbench,org.eclipse.ui.workbench,3.7.1.v20120104-1859,"",1729677725379
